,driverid,lap,cume_sec
0,Daniel Ricciardo,1,103.31499862670898
1,Nico Rosberg,1,104.08399963378906
2,Daniil Kvyat,1,105.49100112915039
3,Sergio Pérez,1,106.3740005493164
4,Nico Hülkenberg,1,106.98099899291992
5,Carlos Sainz Jr.,1,107.53900146484375
6,Felipe Massa,1,108.08599853515625
7,Sebastian Vettel,1,108.6510009765625
8,Jenson Button,1,109.02399826049805
9,Valtteri Bottas,1,109.32300186157227
10,Marcus Ericsson,1,110.21099853515625
11,Max Verstappen,1,110.44499969482422
12,Fernando Alonso,1,111.01100158691406
13,Kevin Magnussen,1,111.50199890136719
14,Pascal Wehrlein,1,111.97200012207031
15,Jolyon Palmer,1,112.61000061035156
16,Esteban Gutiérrez,1,113.19300079345703
17,Rio Haryanto,1,113.81600189208984
18,Romain Grosjean,1,119.72800064086914
19,Kimi Räikkönen,1,124.62099981307983
20,Lewis Hamilton,1,130.72900009155273
21,Felipe Nasr,1,170.22600173950195
22,Daniel Ricciardo,2,205.62399673461914
23,Nico Rosberg,2,206.3769989013672
24,Daniil Kvyat,2,208.50900268554688
25,Sergio Pérez,2,209.70299911499023
26,Nico Hülkenberg,2,210.65900039672852
27,Carlos Sainz Jr.,2,211.38700103759766
28,Sebastian Vettel,2,212.19700241088867
29,Jenson Button,2,213.00399780273438
30,Felipe Massa,2,213.59299850463867
31,Valtteri Bottas,2,213.9020004272461
32,Max Verstappen,2,214.4290008544922
33,Marcus Ericsson,2,215.31999969482422
34,Fernando Alonso,2,216.0250015258789
35,Kevin Magnussen,2,216.6709976196289
36,Pascal Wehrlein,2,217.32799911499023
37,Jolyon Palmer,2,218.49499893188477
38,Esteban Gutiérrez,2,218.78200149536133
39,Rio Haryanto,2,219.57300186157227
40,Kimi Räikkönen,2,252.26799964904785
41,Lewis Hamilton,2,256.76700019836426
42,Romain Grosjean,2,277.67399978637695
43,Felipe Nasr,2,306.8400020599365
44,Nico Rosberg,3,308.8460006713867
45,Daniil Kvyat,3,312.0170021057129
46,Sergio Pérez,3,313.4139976501465
47,Nico Hülkenberg,3,314.95100021362305
48,Carlos Sainz Jr.,3,315.2490005493164
49,Sebastian Vettel,3,315.7320022583008
50,Jenson Button,3,316.61999893188477
51,Valtteri Bottas,3,317.7680015563965
52,Felipe Massa,3,318.21299743652344
53,Max Verstappen,3,318.992000579834
54,Marcus Ericsson,3,320.2789993286133
55,Fernando Alonso,3,320.8550033569336
56,Kevin Magnussen,3,321.5819969177246
57,Daniel Ricciardo,3,321.97299575805664
58,Pascal Wehrlein,3,322.86199951171875
59,Jolyon Palmer,3,324.5999984741211
60,Esteban Gutiérrez,3,325.06600189208984
61,Rio Haryanto,3,325.7110023498535
62,Kimi Räikkönen,3,353.8459987640381
63,Lewis Hamilton,3,358.0599994659424
64,Romain Grosjean,3,380.76399993896484
65,Nico Rosberg,4,419.35300064086914
66,Felipe Nasr,3,420.1280002593994
67,Daniil Kvyat,4,427.3290023803711
68,Sergio Pérez,4,431.03099822998047
69,Felipe Massa,4,434.7169990539551
70,Sebastian Vettel,4,435.2690010070801
71,Nico Hülkenberg,4,435.65400022268295
72,Carlos Sainz Jr.,4,436.07000052928925
73,Jenson Button,4,436.5659980773926
74,Valtteri Bottas,4,437.2310028076172
75,Fernando Alonso,4,437.6390037536621
76,Max Verstappen,4,438.92499923706055
77,Pascal Wehrlein,4,440.3299980163574
78,Marcus Ericsson,4,440.96099931001663
79,Esteban Gutiérrez,4,442.9290008544922
80,Kevin Magnussen,4,443.08099687099457
81,Jolyon Palmer,4,443.7430000305176
82,Rio Haryanto,4,445.7180023500696
83,Daniel Ricciardo,4,461.91699600219727
84,Kimi Räikkönen,4,477.6929986476898
85,Lewis Hamilton,4,484.39499950408936
86,Romain Grosjean,4,513.1400003433228
87,Nico Rosberg,5,563.9309997558594
88,Felipe Nasr,4,564.7059993743896
89,Felipe Massa,5,570.2689990997314
90,Fernando Alonso,5,574.286003112793
91,Pascal Wehrlein,5,577.189998626709
92,Esteban Gutiérrez,5,578.5300006866455
93,Daniil Kvyat,5,579.2950019836426
94,Jolyon Palmer,5,580.5669994354248
95,Rio Haryanto,5,581.681002647616
96,Sergio Pérez,5,582.5409984588623
97,Valtteri Bottas,5,587.5740032196045
98,Jenson Button,5,588.898998260498
99,Carlos Sainz Jr.,5,589.6619995832443
100,Nico Hülkenberg,5,590.4409989714622
101,Marcus Ericsson,5,591.9709995388985
102,Sebastian Vettel,5,593.6259994506836
103,Kevin Magnussen,5,595.0779966115952
104,Daniel Ricciardo,5,597.3609962463379
105,Max Verstappen,5,597.7259979248047
106,Kimi Räikkönen,5,613.3319985866547
107,Lewis Hamilton,5,622.5959997177124
108,Romain Grosjean,5,647.943000793457
109,Nico Rosberg,6,710.4640007019043
110,Felipe Nasr,5,711.3039989471436
111,Felipe Massa,6,712.5209999084473
112,Fernando Alonso,6,713.2020034790039
113,Pascal Wehrlein,6,714.1669979095459
114,Esteban Gutiérrez,6,715.2870006561279
115,Daniil Kvyat,6,716.4870014190674
116,Jolyon Palmer,6,717.3039989471436
117,Rio Haryanto,6,718.4330034563318
118,Sergio Pérez,6,719.2999992370605
119,Valtteri Bottas,6,720.2250032424927
120,Jenson Button,6,721.858998298645
121,Carlos Sainz Jr.,6,722.8569992780685
122,Nico Hülkenberg,6,723.5909985899925
123,Marcus Ericsson,6,725.2649992108345
124,Sebastian Vettel,6,726.8799991607666
125,Kevin Magnussen,6,727.6759961843491
126,Daniel Ricciardo,6,729.1309967041016
127,Max Verstappen,6,729.6959981918335
128,Kimi Räikkönen,6,731.7460000514984
129,Lewis Hamilton,6,748.4379997253418
130,Romain Grosjean,6,757.1380004882812
131,Felipe Nasr,6,825.1239986419678
132,Nico Rosberg,7,857.4330005645752
133,Felipe Massa,7,858.423999786377
134,Fernando Alonso,7,859.17600440979
135,Pascal Wehrlein,7,860.1969985961914
136,Esteban Gutiérrez,7,861.048999786377
137,Daniil Kvyat,7,862.3850021362305
138,Jolyon Palmer,7,863.4259986877441
139,Rio Haryanto,7,864.1620035478845
140,Sergio Pérez,7,864.9679985046387
141,Valtteri Bottas,7,866.1310033798218
142,Jenson Button,7,867.2579984664917
143,Carlos Sainz Jr.,7,867.9269989728928
144,Nico Hülkenberg,7,868.5279988646507
145,Marcus Ericsson,7,870.4309995770454
146,Sebastian Vettel,7,873.3259983062744
147,Kevin Magnussen,7,874.6699956655502
148,Daniel Ricciardo,7,875.3889961242676
149,Max Verstappen,7,876.2929983139038
150,Kimi Räikkönen,7,877.5640008449554
151,Romain Grosjean,7,878.5120004415512
152,Lewis Hamilton,7,879.3459997177124
153,Felipe Nasr,7,929.6819972991943
154,Nico Rosberg,8,1010.4849987030029
155,Felipe Massa,8,1011.1629981994629
156,Fernando Alonso,8,1011.9690036773682
157,Pascal Wehrlein,8,1012.2679977416992
158,Esteban Gutiérrez,8,1013.0709991455078
159,Daniil Kvyat,8,1013.4530029296875
160,Jolyon Palmer,8,1014.0659980773926
161,Sergio Pérez,8,1014.951997756958
162,Rio Haryanto,8,1014.9930029222742
163,Valtteri Bottas,8,1015.2060041427612
164,Jenson Button,8,1015.9249982833862
165,Carlos Sainz Jr.,8,1016.5249985456467
166,Nico Hülkenberg,8,1016.7899979948997
167,Marcus Ericsson,8,1017.7770002484322
168,Sebastian Vettel,8,1018.0399990081787
169,Kevin Magnussen,8,1018.595996260643
170,Daniel Ricciardo,8,1018.9339962005615
171,Max Verstappen,8,1019.2669992446899
172,Kimi Räikkönen,8,1019.8490006923676
173,Romain Grosjean,8,1020.4860013723373
174,Lewis Hamilton,8,1020.6820001602173
175,Felipe Nasr,8,1034.310998916626
176,Nico Rosberg,9,1112.2679996490479
177,Felipe Massa,9,1114.4930000305176
178,Daniil Kvyat,9,1116.212001800537
179,Fernando Alonso,9,1116.7500019073486
180,Pascal Wehrlein,9,1118.072998046875
181,Esteban Gutiérrez,9,1118.583999633789
182,Sergio Pérez,9,1119.0569972991943
183,Valtteri Bottas,9,1119.5330038070679
184,Jolyon Palmer,9,1120.3839988708496
185,Jenson Button,9,1120.5869970321655
186,Carlos Sainz Jr.,9,1120.8550003767014
187,Sebastian Vettel,9,1121.170000076294
188,Nico Hülkenberg,9,1121.7529992461205
189,Rio Haryanto,9,1123.2400045702234
190,Daniel Ricciardo,9,1123.3309955596924
191,Marcus Ericsson,9,1123.658000767231
192,Kevin Magnussen,9,1124.5349954366684
193,Kimi Räikkönen,9,1124.6830003261566
194,Lewis Hamilton,9,1125.0340013504028
195,Max Verstappen,9,1125.6449975967407
196,Romain Grosjean,9,1126.147000670433
197,Felipe Nasr,9,1139.3689975738525
198,Nico Rosberg,10,1213.8490009307861
199,Felipe Massa,10,1217.6230010986328
200,Daniil Kvyat,10,1219.1900024414062
201,Fernando Alonso,10,1220.983003616333
202,Pascal Wehrlein,10,1223.0609970092773
203,Esteban Gutiérrez,10,1223.5719985961914
204,Sergio Pérez,10,1223.8709964752197
205,Valtteri Bottas,10,1224.2970037460327
206,Sebastian Vettel,10,1224.6869983673096
207,Jenson Button,10,1225.3699979782104
208,Carlos Sainz Jr.,10,1226.4580010175705
209,Jolyon Palmer,10,1227.6499977111816
210,Nico Hülkenberg,10,1228.1219987273216
211,Daniel Ricciardo,10,1228.2539958953857
212,Rio Haryanto,10,1229.266005546786
213,Lewis Hamilton,10,1229.6300020217896
214,Kimi Räikkönen,10,1230.1159989833832
215,Marcus Ericsson,10,1230.507999241352
216,Max Verstappen,10,1231.0999994277954
217,Kevin Magnussen,10,1231.6909936666489
218,Romain Grosjean,10,1232.420998930931
219,Felipe Nasr,10,1244.9529972076416
220,Nico Rosberg,11,1315.779001235962
221,Felipe Massa,11,1320.875
222,Daniil Kvyat,11,1321.9360008239746
223,Fernando Alonso,11,1325.2180042266846
224,Pascal Wehrlein,11,1328.1429977416992
225,Sergio Pérez,11,1328.4279956817627
226,Esteban Gutiérrez,11,1328.923999786377
227,Sebastian Vettel,11,1329.1129970550537
228,Valtteri Bottas,11,1329.5420026779175
229,Jenson Button,11,1330.294997215271
230,Carlos Sainz Jr.,11,1330.685002207756
231,Daniel Ricciardo,11,1331.6699962615967
232,Nico Hülkenberg,11,1332.4059991240501
233,Lewis Hamilton,11,1333.2420015335083
234,Kimi Räikkönen,11,1334.504998922348
235,Jolyon Palmer,11,1335.3379974365234
236,Max Verstappen,11,1335.6890001296997
237,Rio Haryanto,11,1336.2430067369714
238,Marcus Ericsson,11,1336.980998814106
239,Kevin Magnussen,11,1337.584994673729
240,Romain Grosjean,11,1338.4279989004135
241,Felipe Nasr,11,1350.3469982147217
242,Nico Rosberg,12,1417.8000011444092
243,Daniil Kvyat,12,1424.718002319336
244,Felipe Massa,12,1425.277000427246
245,Fernando Alonso,12,1429.342004776001
246,Sergio Pérez,12,1431.32399559021
247,Sebastian Vettel,12,1431.853998184204
248,Valtteri Bottas,12,1433.8880033493042
249,Pascal Wehrlein,12,1434.5359992980957
250,Jenson Button,12,1435.1569967269897
251,Esteban Gutiérrez,12,1435.841999053955
252,Carlos Sainz Jr.,12,1436.0860031843185
253,Daniel Ricciardo,12,1436.6269969940186
254,Lewis Hamilton,12,1437.0140008926392
255,Nico Hülkenberg,12,1437.462998330593
256,Kimi Räikkönen,12,1438.4249970912933
257,Max Verstappen,12,1439.8070001602173
258,Jolyon Palmer,12,1442.1009979248047
259,Rio Haryanto,12,1442.7810049364343
260,Marcus Ericsson,12,1442.822997868061
261,Kevin Magnussen,12,1443.1759942770004
262,Romain Grosjean,12,1443.9559987783432
263,Felipe Nasr,12,1455.7739963531494
264,Nico Rosberg,13,1520.2670001983643
265,Daniil Kvyat,13,1527.777000427246
266,Felipe Massa,13,1529.6759986877441
267,Fernando Alonso,13,1533.8550052642822
268,Sebastian Vettel,13,1534.5809993743896
269,Sergio Pérez,13,1535.4099941253662
270,Valtteri Bottas,13,1537.541003227234
271,Jenson Button,13,1539.8889951705933
272,Pascal Wehrlein,13,1540.4329986572266
273,Carlos Sainz Jr.,13,1540.6060036420822
274,Daniel Ricciardo,13,1541.1639957427979
275,Lewis Hamilton,13,1541.7389993667603
276,Nico Hülkenberg,13,1542.7079972624779
277,Esteban Gutiérrez,13,1543.1949996948242
278,Kimi Räikkönen,13,1543.5259988307953
279,Max Verstappen,13,1543.9980020523071
280,Marcus Ericsson,13,1548.0559995770454
281,Jolyon Palmer,13,1548.5739974975586
282,Kevin Magnussen,13,1549.2119935750961
283,Rio Haryanto,13,1550.4330053636804
284,Romain Grosjean,13,1550.8280004262924
285,Felipe Nasr,13,1561.2279949188232
286,Nico Rosberg,14,1622.6420001983643
287,Daniil Kvyat,14,1630.8680000305176
288,Felipe Massa,14,1633.923999786377
289,Sebastian Vettel,14,1638.1149997711182
290,Fernando Alonso,14,1638.823003768921
291,Sergio Pérez,14,1639.3979930877686
292,Valtteri Bottas,14,1640.926001548767
293,Jenson Button,14,1643.951994895935
294,Carlos Sainz Jr.,14,1644.5210045576096
295,Daniel Ricciardo,14,1646.2489948272705
296,Lewis Hamilton,14,1647.0640001296997
297,Pascal Wehrlein,14,1648.037998199463
298,Nico Hülkenberg,14,1648.2519959807396
299,Esteban Gutiérrez,14,1649.2919998168945
300,Max Verstappen,14,1649.5500001907349
301,Marcus Ericsson,14,1653.2900007367134
302,Kimi Räikkönen,14,1653.6159989833832
303,Kevin Magnussen,14,1654.6329950094223
304,Rio Haryanto,14,1656.7040052721277
305,Romain Grosjean,14,1657.0190023183823
306,Jolyon Palmer,14,1658.7849960327148
307,Felipe Nasr,14,1666.4389934539795
308,Nico Rosberg,15,1725.0809993743896
309,Daniil Kvyat,15,1734.0279998779297
310,Felipe Massa,15,1738.0040016174316
311,Sebastian Vettel,15,1741.0510005950928
312,Fernando Alonso,15,1743.798002243042
313,Sergio Pérez,15,1744.0829944610596
314,Valtteri Bottas,15,1744.5959997177124
315,Carlos Sainz Jr.,15,1748.2550057172775
316,Jenson Button,15,1749.9839963912964
317,Daniel Ricciardo,15,1750.1159954071045
318,Lewis Hamilton,15,1750.8530015945435
319,Nico Hülkenberg,15,1752.5109948515892
320,Max Verstappen,15,1754.510998725891
321,Esteban Gutiérrez,15,1756.1240005493164
322,Marcus Ericsson,15,1758.4260023236275
323,Kevin Magnussen,15,1759.8319963216782
324,Pascal Wehrlein,15,1760.431999206543
325,Rio Haryanto,15,1762.96100524161
326,Romain Grosjean,15,1763.1970037221909
327,Felipe Nasr,15,1771.9819927215576
328,Jolyon Palmer,15,1772.0439949035645
329,Kimi Räikkönen,15,1774.534999012947
330,Nico Rosberg,16,1827.5590000152588
331,Daniil Kvyat,16,1837.625
332,Felipe Massa,16,1842.3160018920898
333,Sebastian Vettel,16,1844.2150020599365
334,Sergio Pérez,16,1847.945993423462
335,Valtteri Bottas,16,1849.4680013656616
336,Carlos Sainz Jr.,16,1852.4190071821213
337,Daniel Ricciardo,16,1853.9249935150146
338,Fernando Alonso,16,1854.779001235962
339,Lewis Hamilton,16,1854.963002204895
340,Jenson Button,16,1856.4659948349
341,Nico Hülkenberg,16,1857.108994424343
342,Max Verstappen,16,1858.4219980239868
343,Esteban Gutiérrez,16,1861.492000579834
344,Marcus Ericsson,16,1863.503001987934
345,Kevin Magnussen,16,1865.7919954061508
346,Romain Grosjean,16,1868.9790052175522
347,Rio Haryanto,16,1870.6230039903894
348,Kimi Räikkönen,16,1876.6230002641678
349,Felipe Nasr,16,1877.8709926605225
350,Pascal Wehrlein,16,1885.4479990005493
351,Jolyon Palmer,16,1892.3319948911667
352,Nico Rosberg,17,1929.829999923706
353,Daniil Kvyat,17,1941.2039985656738
354,Felipe Massa,17,1946.9140014648438
355,Sergio Pérez,17,1951.681993484497
356,Sebastian Vettel,17,1952.3920001983643
357,Valtteri Bottas,17,1953.491000175476
358,Carlos Sainz Jr.,17,1956.2560089826584
359,Daniel Ricciardo,17,1957.8269939422607
360,Lewis Hamilton,17,1958.9240007400513
361,Jenson Button,17,1961.0919942855835
362,Max Verstappen,17,1962.274998664856
363,Esteban Gutiérrez,17,1966.9440002441406
364,Nico Hülkenberg,17,1967.6019944548607
365,Marcus Ericsson,17,1968.729003727436
366,Kevin Magnussen,17,1971.4649957418442
367,Romain Grosjean,17,1974.3090070486069
368,Fernando Alonso,17,1976.8010013103485
369,Rio Haryanto,17,1977.809004814364
370,Kimi Räikkönen,17,1978.9929991960526
371,Felipe Nasr,17,1983.4439945220947
372,Pascal Wehrlein,17,1988.5019998550415
373,Jolyon Palmer,17,1995.4079951047897
374,Nico Rosberg,18,2032.4499988555908
375,Daniil Kvyat,18,2044.8569984436035
376,Felipe Massa,18,2052.0430030822754
377,Valtteri Bottas,18,2057.422999382019
378,Carlos Sainz Jr.,18,2060.336010813713
379,Sergio Pérez,18,2060.3759937286377
380,Daniel Ricciardo,18,2061.8389949798584
381,Lewis Hamilton,18,2062.758999824524
382,Jenson Button,18,2065.807993888855
383,Max Verstappen,18,2066.6019983291626
384,Sebastian Vettel,18,2071.1359996795654
385,Esteban Gutiérrez,18,2072.337001800537
386,Marcus Ericsson,18,2074.2750051617622
387,Kevin Magnussen,18,2077.348994612694
388,Romain Grosjean,18,2079.5870069265366
389,Fernando Alonso,18,2080.0450007915497
390,Kimi Räikkönen,18,2081.828997731209
391,Nico Hülkenberg,18,2088.2669944763184
392,Felipe Nasr,18,2089.122995376587
393,Rio Haryanto,18,2089.7720060655847
394,Pascal Wehrlein,18,2092.1219987869263
395,Jolyon Palmer,18,2099.2229937314987
396,Nico Rosberg,19,2135.234998703003
397,Daniil Kvyat,19,2153.045997619629
398,Valtteri Bottas,19,2161.034998893738
399,Felipe Massa,19,2161.558002471924
400,Lewis Hamilton,19,2166.438000679016
401,Carlos Sainz Jr.,19,2169.073010325432
402,Daniel Ricciardo,19,2169.91099357605
403,Jenson Button,19,2170.256995201111
404,Max Verstappen,19,2171.092999458313
405,Sebastian Vettel,19,2172.019998550415
406,Marcus Ericsson,19,2179.086005985737
407,Sergio Pérez,19,2179.5529918670654
408,Esteban Gutiérrez,19,2181.843002319336
409,Kevin Magnussen,19,2183.4149965047836
410,Fernando Alonso,19,2184.8140017986298
411,Romain Grosjean,19,2185.596005797386
412,Kimi Räikkönen,19,2185.8109961748123
413,Nico Hülkenberg,19,2190.675994873047
414,Felipe Nasr,19,2195.1619968414307
415,Pascal Wehrlein,19,2195.7759981155396
416,Jolyon Palmer,19,2203.253991961479
417,Rio Haryanto,19,2211.7310060570017
418,Nico Rosberg,20,2243.623998641968
419,Valtteri Bottas,20,2264.968997001648
420,Lewis Hamilton,20,2270.557999610901
421,Daniil Kvyat,20,2273.885997593403
422,Jenson Button,20,2274.9529943466187
423,Sebastian Vettel,20,2275.5899982452393
424,Max Verstappen,20,2281.0719995498657
425,Sergio Pérez,20,2282.100992202759
426,Felipe Massa,20,2282.724002480507
427,Marcus Ericsson,20,2284.955005466938
428,Fernando Alonso,20,2289.4970004558563
429,Carlos Sainz Jr.,20,2289.8180103302
430,Kimi Räikkönen,20,2290.5369979143143
431,Daniel Ricciardo,20,2290.5909935832024
432,Nico Hülkenberg,20,2293.835994720459
433,Kevin Magnussen,20,2295.6549981832504
434,Romain Grosjean,20,2297.520005583763
435,Pascal Wehrlein,20,2300.9809999465942
436,Esteban Gutiérrez,20,2303.204002261162
437,Felipe Nasr,20,2306.6409969329834
438,Jolyon Palmer,20,2308.0629900693893
439,Rio Haryanto,20,2314.646006972529
440,Nico Rosberg,21,2364.5899986624718
441,Valtteri Bottas,21,2374.0079984664917
442,Daniil Kvyat,21,2376.023998081684
443,Sebastian Vettel,21,2377.92799949646
444,Lewis Hamilton,21,2379.835000038147
445,Jenson Button,21,2379.978995323181
446,Sergio Pérez,21,2384.2129917144775
447,Felipe Massa,21,2384.7580028772354
448,Marcus Ericsson,21,2389.767005741596
449,Carlos Sainz Jr.,21,2392.8010120391846
450,Daniel Ricciardo,21,2393.499993979931
451,Fernando Alonso,21,2393.962000608444
452,Kimi Räikkönen,21,2394.594996571541
453,Nico Hülkenberg,21,2397.083995819092
454,Max Verstappen,21,2402.92999958992
455,Esteban Gutiérrez,21,2405.95000064373
456,Pascal Wehrlein,21,2406.5970010757446
457,Jolyon Palmer,21,2412.8889902830124
458,Kevin Magnussen,21,2417.616998195648
459,Rio Haryanto,21,2418.3790086815134
460,Romain Grosjean,21,2421.4790056943893
461,Felipe Nasr,21,2430.085996866226
462,Nico Rosberg,22,2465.2209991812706
463,Daniil Kvyat,22,2478.091998875141
464,Sebastian Vettel,22,2479.7359981536865
465,Jenson Button,22,2484.4659948349
466,Sergio Pérez,22,2486.676992416382
467,Felipe Massa,22,2487.1930042505264
468,Valtteri Bottas,22,2494.0449984669685
469,Marcus Ericsson,22,2494.9160040020943
470,Carlos Sainz Jr.,22,2496.1060123443604
471,Daniel Ricciardo,22,2496.3049942851067
472,Kimi Räikkönen,22,2498.1449958086014
473,Fernando Alonso,22,2498.8249995708466
474,Nico Hülkenberg,22,2500.5259971618652
475,Lewis Hamilton,22,2500.7960000634193
476,Max Verstappen,22,2505.3499977588654
477,Esteban Gutiérrez,22,2508.7830008268356
478,Pascal Wehrlein,22,2511.14199924469
479,Jolyon Palmer,22,2517.799989581108
480,Kevin Magnussen,22,2519.927999019623
481,Rio Haryanto,22,2522.271006972529
482,Romain Grosjean,22,2524.3010042905807
483,Felipe Nasr,22,2532.9359953403473
484,Nico Rosberg,23,2566.088999211788
485,Daniil Kvyat,23,2580.105998814106
486,Sebastian Vettel,23,2581.549997329712
487,Jenson Button,23,2588.8089933395386
488,Sergio Pérez,23,2589.4819927215576
489,Felipe Massa,23,2589.922004342079
490,Valtteri Bottas,23,2595.602997124195
491,Daniel Ricciardo,23,2599.37199562788
492,Marcus Ericsson,23,2599.9560049176216
493,Carlos Sainz Jr.,23,2600.1920108795166
494,Kimi Räikkönen,23,2600.9959975481033
495,Lewis Hamilton,23,2602.349001467228
496,Fernando Alonso,23,2603.3549983501434
497,Nico Hülkenberg,23,2604.6169967651367
498,Max Verstappen,23,2607.711997270584
499,Esteban Gutiérrez,23,2611.722000002861
500,Pascal Wehrlein,23,2615.264000892639
501,Kevin Magnussen,23,2622.551999568939
502,Jolyon Palmer,23,2623.3589876890182
503,Rio Haryanto,23,2626.170005233027
504,Romain Grosjean,23,2627.1790026426315
505,Felipe Nasr,23,2636.0609953403473
506,Nico Rosberg,24,2666.969999730587
507,Daniil Kvyat,24,2682.2669981122017
508,Sebastian Vettel,24,2683.7009983062744
509,Jenson Button,24,2693.3559942245483
510,Felipe Massa,24,2693.852004647255
511,Sergio Pérez,24,2694.4769916534424
512,Valtteri Bottas,24,2697.5689967274666
513,Daniel Ricciardo,24,2701.5469948649406
514,Carlos Sainz Jr.,24,2702.960012435913
515,Kimi Räikkönen,24,2704.1179991960526
516,Lewis Hamilton,24,2704.6700006127357
517,Marcus Ericsson,24,2706.4680059552193
518,Fernando Alonso,24,2707.415999174118
519,Nico Hülkenberg,24,2708.352996826172
520,Max Verstappen,24,2710.5559990406036
521,Esteban Gutiérrez,24,2715.1199988126755
522,Pascal Wehrlein,24,2719.4350023269653
523,Kevin Magnussen,24,2726.085000514984
524,Rio Haryanto,24,2730.1910051414743
525,Romain Grosjean,24,2730.612001299858
526,Jolyon Palmer,24,2734.040986895561
527,Felipe Nasr,24,2739.3219969272614
528,Nico Rosberg,25,2767.8459991812706
529,Daniil Kvyat,25,2784.55099850893
530,Sebastian Vettel,25,2785.8479976654053
531,Felipe Massa,25,2796.7630039453506
532,Jenson Button,25,2798.8769941329956
533,Sergio Pérez,25,2799.360990524292
534,Valtteri Bottas,25,2799.6179965138435
535,Daniel Ricciardo,25,2803.529996573925
536,Carlos Sainz Jr.,25,2805.458013534546
537,Kimi Räikkönen,25,2806.6699973344803
538,Lewis Hamilton,25,2807.3090005517006
539,Marcus Ericsson,25,2811.3700063824654
540,Fernando Alonso,25,2811.7899997234344
541,Nico Hülkenberg,25,2812.5199966430664
542,Max Verstappen,25,2813.6489975452423
543,Esteban Gutiérrez,25,2818.485999941826
544,Pascal Wehrlein,25,2823.7500009536743
545,Kevin Magnussen,25,2829.628999233246
546,Rio Haryanto,25,2834.1150049278513
547,Romain Grosjean,25,2834.4150027036667
548,Felipe Nasr,25,2842.868997812271
549,Jolyon Palmer,25,2854.6539868712425
550,Nico Rosberg,26,2868.4260010123253
551,Daniil Kvyat,26,2887.159999668598
552,Sebastian Vettel,26,2888.2309970855713
553,Felipe Massa,26,2899.414004921913
554,Sergio Pérez,26,2903.887990951538
555,Valtteri Bottas,26,2904.681995689869
556,Jenson Button,26,2905.2639951705933
557,Daniel Ricciardo,26,2906.067994773388
558,Carlos Sainz Jr.,26,2908.1490154266357
559,Kimi Räikkönen,26,2908.971995472908
560,Lewis Hamilton,26,2909.8210015892982
561,Fernando Alonso,26,2916.347998380661
562,Max Verstappen,26,2917.303996324539
563,Marcus Ericsson,26,2917.906005680561
564,Esteban Gutiérrez,26,2922.405998110771
565,Nico Hülkenberg,26,2923.2019958496094
566,Pascal Wehrlein,26,2928.137001991272
567,Kevin Magnussen,26,2933.434998989105
568,Rio Haryanto,26,2938.592006118037
569,Romain Grosjean,26,2939.3150042295456
570,Felipe Nasr,26,2946.4709990024567
571,Jolyon Palmer,26,2956.885985314846
572,Nico Rosberg,27,2969.2490028738976
573,Daniil Kvyat,27,2989.6619985699654
574,Sebastian Vettel,27,2990.6409969329834
575,Felipe Massa,27,3002.2750049829483
576,Valtteri Bottas,27,3007.941994011402
577,Sergio Pérez,27,3008.507989883423
578,Daniel Ricciardo,27,3009.317994773388
579,Carlos Sainz Jr.,27,3011.59401512146
580,Kimi Räikkönen,27,3012.395995259285
581,Lewis Hamilton,27,3012.8280015587807
582,Jenson Button,27,3017.451994895935
583,Fernando Alonso,27,3020.0169970989227
584,Max Verstappen,27,3020.551997423172
585,Marcus Ericsson,27,3022.9840047955513
586,Esteban Gutiérrez,27,3026.009998202324
587,Kevin Magnussen,27,3037.8119978904724
588,Pascal Wehrlein,27,3038.096001625061
589,Rio Haryanto,27,3043.01500645373
590,Romain Grosjean,27,3043.6550043821335
591,Nico Hülkenberg,27,3050.0949959754944
592,Felipe Nasr,27,3050.8269979953766
593,Jolyon Palmer,27,3059.703986108303
594,Nico Rosberg,28,3070.403002202511
595,Daniil Kvyat,28,3092.3279989361763
596,Sebastian Vettel,28,3093.6569957733154
597,Felipe Massa,28,3105.3020054101944
598,Valtteri Bottas,28,3110.7259944081306
599,Daniel Ricciardo,28,3113.2279946208
600,Carlos Sainz Jr.,28,3115.4160137176514
601,Kimi Räikkönen,28,3116.139994740486
602,Lewis Hamilton,28,3116.686003267765
603,Sergio Pérez,28,3118.2529888153076
604,Max Verstappen,28,3123.926997423172
605,Fernando Alonso,28,3124.4219958782196
606,Esteban Gutiérrez,28,3129.9569967985153
607,Marcus Ericsson,28,3133.2830045819283
608,Jenson Button,28,3137.626994892955
609,Kevin Magnussen,28,3142.2739996910095
610,Romain Grosjean,28,3148.6300028562546
611,Nico Hülkenberg,28,3152.4049973487854
612,Rio Haryanto,28,3153.0260080406442
613,Felipe Nasr,28,3155.154997110367
614,Pascal Wehrlein,28,3160.6590015888214
615,Jolyon Palmer,28,3163.0989865660667
616,Nico Rosberg,29,3171.7600006461143
617,Daniil Kvyat,29,3195.0929983258247
618,Sebastian Vettel,29,3196.356996536255
619,Felipe Massa,29,3208.0240055322647
620,Valtteri Bottas,29,3213.338993370533
621,Daniel Ricciardo,29,3216.0119950175285
622,Carlos Sainz Jr.,29,3218.7090129852295
623,Kimi Räikkönen,29,3219.3719931840897
624,Lewis Hamilton,29,3220.3590036034584
625,Max Verstappen,29,3227.021998643875
626,Fernando Alonso,29,3228.9599940776825
627,Esteban Gutiérrez,29,3233.74899661541
628,Sergio Pérez,29,3237.6169872283936
629,Jenson Button,29,3240.1259954422712
630,Kevin Magnussen,29,3246.8340010643005
631,Romain Grosjean,29,3253.002004504204
632,Nico Hülkenberg,29,3255.0189957618713
633,Marcus Ericsson,29,3255.2620045542717
634,Felipe Nasr,29,3259.48099732399
635,Pascal Wehrlein,29,3262.9900028705597
636,Jolyon Palmer,29,3266.931986749172
637,Nico Rosberg,30,3273.3239998221397
638,Rio Haryanto,29,3276.838008076884
639,Daniil Kvyat,30,3297.9839971661568
640,Sebastian Vettel,30,3299.2949962615967
641,Felipe Massa,30,3311.043006539345
642,Daniel Ricciardo,30,3318.717996299267
643,Valtteri Bottas,30,3319.9599917531013
644,Carlos Sainz Jr.,30,3322.137014389038
645,Kimi Räikkönen,30,3322.759993672371
646,Lewis Hamilton,30,3328.1230035424232
647,Max Verstappen,30,3330.201998949051
648,Fernando Alonso,30,3332.7839953899384
649,Esteban Gutiérrez,30,3337.0329970121384
650,Sergio Pérez,30,3339.4629878997803
651,Jenson Button,30,3343.022994801402
652,Kevin Magnussen,30,3351.5650000572205
653,Romain Grosjean,30,3357.7800043821335
654,Nico Hülkenberg,30,3358.1849961280823
655,Marcus Ericsson,30,3358.854003608227
656,Felipe Nasr,30,3363.3739988803864
657,Pascal Wehrlein,30,3365.630002260208
658,Jolyon Palmer,30,3370.7629880309105
659,Nico Rosberg,31,3375.503000676632
660,Rio Haryanto,30,3379.2820083210245
661,Daniil Kvyat,31,3401.20399838686
662,Sebastian Vettel,31,3402.2949962615967
663,Felipe Massa,31,3418.79800760746
664,Daniel Ricciardo,31,3421.2979981303215
665,Carlos Sainz Jr.,31,3425.5810146331787
666,Kimi Räikkönen,31,3426.1259948015213
667,Max Verstappen,31,3433.2519981861115
668,Fernando Alonso,31,3436.2969958782196
669,Valtteri Bottas,31,3439.61899214983
670,Esteban Gutiérrez,31,3441.253997683525
671,Sergio Pérez,31,3441.982988357544
672,Jenson Button,31,3445.7169950455427
673,Lewis Hamilton,31,3446.27800232172
674,Kevin Magnussen,31,3456.2199988365173
675,Nico Hülkenberg,31,3461.1029953956604
676,Marcus Ericsson,31,3463.168002784252
677,Romain Grosjean,31,3463.700002551079
678,Felipe Nasr,31,3467.448000192642
679,Pascal Wehrlein,31,3468.6370022296906
680,Jolyon Palmer,31,3474.755988061428
681,Nico Rosberg,32,3477.3809990286827
682,Rio Haryanto,31,3481.4750091144815
683,Daniil Kvyat,32,3504.05999737978
684,Sebastian Vettel,32,3505.4279956817627
685,Daniel Ricciardo,32,3523.68799751997
686,Carlos Sainz Jr.,32,3529.202013015747
687,Kimi Räikkönen,32,3529.6489936113358
688,Max Verstappen,32,3536.143996477127
689,Felipe Massa,32,3539.5340076088905
690,Valtteri Bottas,32,3541.207992851734
691,Sergio Pérez,32,3544.6879901885986
692,Fernando Alonso,32,3544.811995267868
693,Esteban Gutiérrez,32,3546.3609961271286
694,Lewis Hamilton,32,3546.9400010704994
695,Jenson Button,32,3549.114993855357
696,Kevin Magnussen,32,3561.155999660492
697,Nico Hülkenberg,32,3563.8879952430725
698,Marcus Ericsson,32,3566.7900044322014
699,Romain Grosjean,32,3569.270002245903
700,Felipe Nasr,32,3571.379999399185
701,Pascal Wehrlein,32,3571.7020008563995
702,Nico Rosberg,33,3579.6749977469444
703,Jolyon Palmer,32,3580.64698690176
704,Rio Haryanto,32,3584.2300101825967
705,Daniil Kvyat,33,3607.162998020649
706,Sebastian Vettel,33,3608.8929958343506
707,Daniel Ricciardo,33,3626.2459961771965
708,Kimi Räikkönen,33,3633.175994038582
709,Carlos Sainz Jr.,33,3637.915014266968
710,Max Verstappen,33,3639.0779945850372
711,Felipe Massa,33,3641.5640063881874
712,Valtteri Bottas,33,3643.3919909596443
713,Sergio Pérez,33,3647.1959896087646
714,Lewis Hamilton,33,3648.435000002384
715,Esteban Gutiérrez,33,3650.8389967679977
716,Jenson Button,33,3652.0999944657087
717,Fernando Alonso,33,3665.926995277405
718,Kevin Magnussen,33,3666.891999721527
719,Nico Hülkenberg,33,3667.6849961280823
720,Marcus Ericsson,33,3670.3140026926994
721,Pascal Wehrlein,33,3675.7070019245148
722,Felipe Nasr,33,3677.0310003757477
723,Romain Grosjean,33,3679.9650019407272
724,Nico Rosberg,34,3681.7199959158897
725,Jolyon Palmer,33,3685.5619878172874
726,Rio Haryanto,33,3687.2640105793253
727,Daniil Kvyat,34,3710.4139974713326
728,Sebastian Vettel,34,3712.2189960479736
729,Daniel Ricciardo,34,3728.752996146679
730,Kimi Räikkönen,34,3735.5249930620193
731,Max Verstappen,34,3741.9189941883087
732,Felipe Massa,34,3743.3790050148964
733,Valtteri Bottas,34,3745.7199900746346
734,Lewis Hamilton,34,3749.7800012230873
735,Sergio Pérez,34,3750.4139881134033
736,Jenson Button,34,3754.9759939163923
737,Esteban Gutiérrez,34,3759.2579954862595
738,Carlos Sainz Jr.,34,3760.1360142230988
739,Fernando Alonso,34,3768.7599954605103
740,Nico Hülkenberg,34,3771.968996524811
741,Kevin Magnussen,34,3772.898000240326
742,Marcus Ericsson,34,3773.8250042796135
743,Pascal Wehrlein,34,3778.8210003376007
744,Felipe Nasr,34,3781.352998971939
745,Nico Rosberg,35,3784.134996831417
746,Jolyon Palmer,34,3790.3139867186546
747,Rio Haryanto,34,3790.8010093281046
748,Romain Grosjean,34,3800.4380019307137
749,Daniil Kvyat,35,3818.6089971661568
750,Sebastian Vettel,35,3820.4209957122803
751,Daniel Ricciardo,35,3831.216996848583
752,Kimi Räikkönen,35,3837.667994618416
753,Max Verstappen,35,3844.9349930286407
754,Felipe Massa,35,3845.6040034890175
755,Valtteri Bottas,35,3847.8799899220467
756,Lewis Hamilton,35,3851.2660012841225
757,Sergio Pérez,35,3853.3429889678955
758,Jenson Button,35,3857.4349935501814
759,Carlos Sainz Jr.,35,3861.6210148334503
760,Fernando Alonso,35,3871.0639963150024
761,Nico Hülkenberg,35,3874.9419960975647
762,Marcus Ericsson,35,3877.4030033946037
763,Esteban Gutiérrez,35,3879.1489943265915
764,Pascal Wehrlein,35,3882.3840000629425
765,Kevin Magnussen,35,3884.7770018577576
766,Felipe Nasr,35,3885.6239988803864
767,Nico Rosberg,36,3891.9079956412315
768,Jolyon Palmer,35,3895.291987359524
769,Rio Haryanto,35,3895.6520110676065
770,Romain Grosjean,35,3901.0910018086433
771,Daniel Ricciardo,36,3933.844995200634
772,Sebastian Vettel,36,3937.831995010376
773,Daniil Kvyat,36,3938.793997168541
774,Kimi Räikkönen,36,3941.1859961748123
775,Max Verstappen,36,3948.1589920520782
776,Felipe Massa,36,3948.648002207279
777,Valtteri Bottas,36,3950.400989830494
778,Lewis Hamilton,36,3952.94299942255
779,Sergio Pérez,36,3956.1769886016846
780,Jenson Button,36,3960.2579954117537
781,Carlos Sainz Jr.,36,3963.5610134601593
782,Fernando Alonso,36,3973.2899980545044
783,Nico Hülkenberg,36,3978.0209946632385
784,Marcus Ericsson,36,3980.8870045542717
785,Esteban Gutiérrez,36,3981.4199942350388
786,Pascal Wehrlein,36,3985.822999238968
787,Felipe Nasr,36,3989.532999277115
788,Rio Haryanto,36,4000.183009297587
789,Jolyon Palmer,36,4001.7659863829613
790,Romain Grosjean,36,4002.5640013813972
791,Kevin Magnussen,36,4005.248001843691
792,Nico Rosberg,37,4012.23099565506
793,Sebastian Vettel,37,4038.4419956207275
794,Daniil Kvyat,37,4040.6479972600937
795,Daniel Ricciardo,37,4041.053994834423
796,Kimi Räikkönen,37,4049.3919974565506
797,Max Verstappen,37,4051.5709908008575
798,Felipe Massa,37,4051.994002878666
799,Valtteri Bottas,37,4053.3479884266853
800,Lewis Hamilton,37,4054.9249978661537
801,Sergio Pérez,37,4059.072988510132
802,Jenson Button,37,4063.457996174693
803,Carlos Sainz Jr.,37,4066.015012025833
804,Fernando Alonso,37,4076.078999519348
805,Nico Hülkenberg,37,4081.2049927711487
806,Esteban Gutiérrez,37,4083.244994997978
807,Marcus Ericsson,37,4085.196002662182
808,Pascal Wehrlein,37,4089.467000246048
809,Felipe Nasr,37,4093.966997385025
810,Rio Haryanto,37,4104.066008717753
811,Romain Grosjean,37,4105.163000404835
812,Kevin Magnussen,37,4107.634003430605
813,Jolyon Palmer,37,4108.930987298489
814,Nico Rosberg,38,4112.648994922638
815,Sebastian Vettel,38,4139.612997055054
816,Daniil Kvyat,38,4142.19399869442
817,Max Verstappen,38,4154.535990953445
818,Felipe Massa,38,4155.021003305912
819,Valtteri Bottas,38,4155.8909876942635
820,Lewis Hamilton,38,4156.705996096134
821,Daniel Ricciardo,38,4159.710996329784
822,Sergio Pérez,38,4162.645990371704
823,Jenson Button,38,4166.559997364879
824,Kimi Räikkönen,38,4167.819998860359
825,Carlos Sainz Jr.,38,4168.647011995316
826,Fernando Alonso,38,4178.502999305725
827,Nico Hülkenberg,38,4184.096991062164
828,Esteban Gutiérrez,38,4185.283996462822
829,Marcus Ericsson,38,4188.6640011668205
830,Pascal Wehrlein,38,4192.975999116898
831,Felipe Nasr,38,4197.8759977817535
832,Romain Grosjean,38,4207.579000771046
833,Rio Haryanto,38,4208.224009663798
834,Kevin Magnussen,38,4210.44800260663
835,Nico Rosberg,39,4214.271996021271
836,Jolyon Palmer,38,4221.518988549709
837,Sebastian Vettel,39,4240.924997329712
838,Daniil Kvyat,39,4243.970999121666
839,Felipe Massa,39,4258.4710040688515
840,Valtteri Bottas,39,4259.149986565113
841,Lewis Hamilton,39,4259.508997499943
842,Daniel Ricciardo,39,4260.739995658398
843,Max Verstappen,39,4263.761992692947
844,Sergio Pérez,39,4265.808988571167
845,Kimi Räikkönen,39,4268.96699821949
846,Jenson Button,39,4269.8399961441755
847,Carlos Sainz Jr.,39,4271.039010286331
848,Fernando Alonso,39,4281.355999946594
849,Nico Hülkenberg,39,4286.958990573883
850,Esteban Gutiérrez,39,4287.330997347832
851,Marcus Ericsson,39,4292.214000403881
852,Pascal Wehrlein,39,4296.476998567581
853,Felipe Nasr,39,4302.604997873306
854,Romain Grosjean,39,4309.712000191212
855,Rio Haryanto,39,4312.361010701396
856,Kevin Magnussen,39,4313.493000775576
857,Nico Rosberg,40,4315.333996295929
858,Sebastian Vettel,40,4342.636999130249
859,Jolyon Palmer,39,4343.777988612652
860,Daniil Kvyat,40,4345.834997534752
861,Felipe Massa,40,4361.065005838871
862,Lewis Hamilton,40,4361.97099930048
863,Daniel Ricciardo,40,4362.860994040966
864,Valtteri Bottas,40,4363.306988060474
865,Sergio Pérez,40,4368.77898979187
866,Kimi Räikkönen,40,4369.559996724129
867,Jenson Button,40,4372.957996174693
868,Carlos Sainz Jr.,40,4373.520009279251
869,Max Verstappen,40,4384.107992678881
870,Fernando Alonso,40,4384.897999763489
871,Nico Hülkenberg,40,4389.764990329742
872,Esteban Gutiérrez,40,4390.283996462822
873,Marcus Ericsson,40,4396.084998786449
874,Pascal Wehrlein,40,4400.074998140335
875,Romain Grosjean,40,4412.057001411915
876,Felipe Nasr,40,4412.458997964859
877,Nico Rosberg,41,4416.733997821808
878,Kevin Magnussen,40,4418.316002637148
879,Rio Haryanto,40,4421.258010060526
880,Sebastian Vettel,41,4444.5429973602295
881,Jolyon Palmer,40,4446.081989467144
882,Daniil Kvyat,41,4448.027998328209
883,Felipe Massa,41,4463.431006968021
884,Lewis Hamilton,41,4463.902998507023
885,Daniel Ricciardo,41,4464.362992942333
886,Valtteri Bottas,41,4466.580986320972
887,Kimi Räikkönen,41,4471.414996266365
888,Sergio Pérez,41,4472.216989517212
889,Carlos Sainz Jr.,41,4476.362008333206
890,Jenson Button,41,4477.020995900035
891,Max Verstappen,41,4484.506990939379
892,Fernando Alonso,41,4488.197999000549
893,Nico Hülkenberg,41,4492.65199136734
894,Esteban Gutiérrez,41,4493.543994784355
895,Marcus Ericsson,41,4499.3539997935295
896,Pascal Wehrlein,41,4504.038998842239
897,Romain Grosjean,41,4514.505003273487
898,Nico Rosberg,42,4517.571999073029
899,Kevin Magnussen,41,4521.236000806093
900,Felipe Nasr,41,4535.27299785614
901,Rio Haryanto,41,4544.744010121562
902,Sebastian Vettel,42,4546.233999252319
903,Jolyon Palmer,41,4548.859989345074
904,Daniil Kvyat,42,4550.333998084068
905,Felipe Massa,42,4566.296008646488
906,Lewis Hamilton,42,4566.685000002384
907,Daniel Ricciardo,42,4567.138993918896
908,Valtteri Bottas,42,4569.926986992359
909,Kimi Räikkönen,42,4572.385996937752
910,Sergio Pérez,42,4575.376989364624
911,Carlos Sainz Jr.,42,4578.964009523392
912,Jenson Button,42,4580.874995991588
913,Max Verstappen,42,4585.643991976976
914,Fernando Alonso,42,4591.079998970032
915,Nico Hülkenberg,42,4595.899992465973
916,Esteban Gutiérrez,42,4596.616996645927
917,Marcus Ericsson,42,4602.726001441479
918,Pascal Wehrlein,42,4608.055997133255
919,Romain Grosjean,42,4617.7540038228035
920,Nico Rosberg,43,4618.836998462677
921,Kevin Magnussen,42,4624.241001874208
922,Felipe Nasr,42,4635.854998588562
923,Rio Haryanto,42,4646.753008992411
924,Sebastian Vettel,43,4647.961000442505
925,Daniil Kvyat,43,4652.2189964056015
926,Jolyon Palmer,42,4653.744987666607
927,Daniel Ricciardo,43,4668.964994132519
928,Felipe Massa,43,4669.601008951664
929,Lewis Hamilton,43,4670.031000673771
930,Valtteri Bottas,43,4673.15198546648
931,Kimi Räikkönen,43,4673.504996418953
932,Sergio Pérez,43,4678.252988815308
933,Carlos Sainz Jr.,43,4681.171010255814
934,Jenson Button,43,4684.501994892955
935,Max Verstappen,43,4686.664991885424
936,Fernando Alonso,43,4693.769997596741
937,Nico Hülkenberg,43,4699.042994022369
938,Esteban Gutiérrez,43,4704.251994967461
939,Marcus Ericsson,43,4706.332000434399
940,Pascal Wehrlein,43,4717.499997377396
941,Nico Rosberg,44,4720.533997058868
942,Romain Grosjean,43,4722.560003578663
943,Kevin Magnussen,43,4727.215000897646
944,Felipe Nasr,43,4737.491000175476
945,Sebastian Vettel,44,4750.034002304077
946,Rio Haryanto,43,4751.180007130839
947,Daniil Kvyat,44,4753.9009956121445
948,Jolyon Palmer,43,4756.363987147808
949,Daniel Ricciardo,44,4770.5089928507805
950,Felipe Massa,44,4772.413009226322
951,Lewis Hamilton,44,4772.929998934269
952,Kimi Räikkönen,44,4774.982997059822
953,Valtteri Bottas,44,4776.900986015797
954,Sergio Pérez,44,4781.339990615845
955,Carlos Sainz Jr.,44,4783.24800992012
956,Max Verstappen,44,4787.619993716478
957,Jenson Button,44,4792.81599406898
958,Fernando Alonso,44,4796.673996925354
959,Nico Hülkenberg,44,4802.376993656158
960,Marcus Ericsson,44,4809.67300003767
961,Nico Rosberg,45,4821.613998889923
962,Esteban Gutiérrez,44,4823.72099673748
963,Kevin Magnussen,44,4830.012001782656
964,Romain Grosjean,44,4831.264002144337
965,Felipe Nasr,44,4839.152998924255
966,Pascal Wehrlein,44,4839.987997293472
967,Sebastian Vettel,45,4851.964002609253
968,Rio Haryanto,44,4854.0240089008585
969,Daniil Kvyat,45,4855.577993750572
970,Jolyon Palmer,44,4859.591987788677
971,Daniel Ricciardo,45,4871.685990989208
972,Felipe Massa,45,4874.967010080814
973,Lewis Hamilton,45,4875.320997774601
974,Kimi Räikkönen,45,4876.271998524666
975,Valtteri Bottas,45,4879.750984489918
976,Sergio Pérez,45,4883.8269901275635
977,Carlos Sainz Jr.,45,4885.134011507034
978,Max Verstappen,45,4888.896994143724
979,Fernando Alonso,45,4899.246998786926
980,Nico Hülkenberg,45,4905.688993930817
981,Jenson Button,45,4910.149993702769
982,Marcus Ericsson,45,4913.485000312328
983,Nico Rosberg,46,4922.408997058868
984,Esteban Gutiérrez,45,4924.088996767998
985,Kevin Magnussen,45,4932.889000684023
986,Pascal Wehrlein,45,4941.956999063492
987,Felipe Nasr,45,4942.032000541687
988,Romain Grosjean,45,4950.620001137257
989,Sebastian Vettel,46,4953.7070026397705
990,Daniil Kvyat,46,4957.647993445396
991,Rio Haryanto,45,4958.400008351542
992,Jolyon Palmer,45,4963.122986018658
993,Daniel Ricciardo,46,4972.7829911112785
994,Felipe Massa,46,4978.271010935307
995,Kimi Räikkönen,46,4978.939997792244
996,Lewis Hamilton,46,4979.465998232365
997,Valtteri Bottas,46,4983.034984886646
998,Sergio Pérez,46,4986.808988571167
999,Carlos Sainz Jr.,46,4987.481011629105
